Metric,Value
Average Demand,30837.91857721745
Safety Stock,8174.573196404597
Reorder Point,224040.00323692674
Recommended Inventory,933312.1305129281
